,created_at,text,reply_count,retweet_count,favorite_count,topic
5149,Sun Oct 17 21:10:37 +0000 2021,"Scomo should dare Albo to support Nuclear Power. If Albo really believes in global warming, he has no option but to support clean, green and reliable nuclear energy. If he doesn't, he should resign. https://t.co/2Kvcw4yg9e",0,0,0,
596,Wed Feb 17 02:41:35 +0000 2021,"Jesus, they are so obviously in the pockets of big energy. Most Republicans even agree with climate change at this point and support renewable resources https://t.co/tXhtqCwHD7",0,0,0,
1452,Mon Feb 22 06:10:47 +0000 2021,"Last week, in a much trumpeted announcement, the Daily Express broke with decades of climate denial and called for a ‚Äúgreen revolution‚Äù to tackle the climate crisis. Many commentators rushed to marvel at the apparent transformation.

https://t.co/8Es1OWfwDk https://t.co/i3TnvAca4b",0,0,0,
3055,Tue Jul 13 22:34:16 +0000 2021,NZ imported more than a million tonnes of 'dirty' coal last year https://t.co/suAGLbVxeM,0,0,0,
5490,Sat Nov 06 12:12:03 +0000 2021,"This month, discover the Climate Change Issue of The Scots Magazine! ‚†Ä‚†Ä‚†Ä
‚†Ä‚†Ä‚†Ä
As talks at #COP26 are well underway in Glasgow, we take a look at Scotland's role in tackling the climate crisis.
‚†Ä‚†Ä‚†Ä
Discover more and purchase your copy today: https://t.co/gvGB4xLoTT https://t.co/ixgSVwGIdQ",1,3,17,
4248,Wed Sep 01 09:34:08 +0000 2021,National TV news is beginning to connect climate change to extreme weather. Now they must continue to deepen their coverage https://t.co/sIqkFJoG1U,0,0,0,
5887,Mon Dec 06 19:53:24 +0000 2021,The weather's good there in the fall...  Alberta bound? Only half of Canadians say they'd feel comfortable making the move | CBC News https://t.co/1RwxIe1aNp,0,0,0,
1807,Wed Apr 07 07:53:56 +0000 2021,"How the headline should have read:
‚ÄúGreat news, almost 75% of Britons are willing to change key habits that would help tackle climate change‚Äù. https://t.co/JOLH6XTgSG",0,0,0,
3150,Tue Jul 13 22:20:23 +0000 2021,"Today I especially think of my Myanmar friends. It was so peaceful back then. I can‚Äôt imagine your plight, I am challenged to find a solution. It‚Äôs a ‚Äúwicked‚Äù problem. If I could solve it I could solve climate change. @MyanmarGuide @Myanmar_Now_Eng @TheMyanmarTimes https://t.co/O8qA8tKiNH",0,0,0,
885,Thu Jan 28 04:11:04 +0000 2021,There is no climate crisis.,4,6,75,
1321,Sun Jan 31 04:32:20 +0000 2021,Blackpink said climate change?,1,0,2,
3390,Tue Jul 13 22:28:46 +0000 2021,That's because of climate change ü§£ü§£ https://t.co/q9dUutBbyS,0,0,0,
5069,Sun Oct 17 21:23:03 +0000 2021,"#ClimateChange is due every  aggression we do to #nature https://t.co/0633t9Kd8M #ClimateEmergency #ClimateCrisis #ClimateAction 
Is Sucking Carbon Out of the Air the Solution to Our Climate Crisis? https://t.co/evXKsn5hvF",0,1,1,
3615,Tue Aug 31 00:35:34 +0000 2021,üëã @POTUS @JohnKerry it‚Äôs time to usher in a new era of US climate action. We‚Äôre counting on you to 1) help poorer nations fight climate change by investing $40 billion per year in global support and 2) cut domestic emissions by 57-63% by 2030. Are you up for the challenge?,0,0,0,
4195,Wed Sep 01 09:42:27 +0000 2021,Covid in Scotland: Record number of cases as NHS faces 'perfect storm'https://t.co/QVW4roBX9r&gt;Climate change: Big increase in weather disasters over the past five decades https://t.co/oNBx0u2q5L,0,0,0,
4859,Wed Oct 20 21:14:17 +0000 2021,"#ParrotsAtoZ B is for black-billed parrot (Amazona agilis), aka black-billed amazon, endemic to Jamaica. Endangered due to habitat destruction for bauxite mining, introduced predators, and climate change. Pic at Hope Gardens, Kingston, by Noreen Baker https://t.co/msWil5q59t https://t.co/03G69deQ2m",1,9,92,
5487,Sat Nov 06 12:12:15 +0000 2021,"Attention Stubborn Optimists! üî•üî•üî•
You can now discover the stories behind the headlines on climate change‚Äî15 min at a time on our new Shortcast with Blinkist! 
Please share or find us on the Blinkist app ‚¨áÔ∏è https://t.co/Td4sjpmBBo

@tomcarnac @CFigueres @PaulOutrageAnd https://t.co/h4kcWIjZDD",0,1,5,
1015,Thu Jan 28 03:51:52 +0000 2021,Covid is over. But also climate change is a hoax. https://t.co/eEnMwureDf,0,0,1,
166,Fri Jan 01 00:27:02 +0000 2021,Why 2021 will be turning point for tackling climate change https://t.co/dydxVpDMbq,0,0,2,
1718,Fri Mar 26 06:10:12 +0000 2021,Turns out climate change is due to over fishing the oceans #wokeking,1,0,0,
3562,Tue Aug 31 00:43:08 +0000 2021,"This is a reality for many in Canada and the US today, not some day in the future. Life may never be the same in many regions with drought, the threat of wildfires, extreme heat, cold, and other weather events. People are on the move.

#ClimateCrisis

https://t.co/PKMenGoX8E",0,2,3,
5341,Sat Nov 06 12:21:45 +0000 2021,"Yesterday, I suddenly met a friend Melody &amp; during our talk she mentioned about a workshops on discover the science behind the IPCC report in a collaborative, fun and imaginative climate collage. I think it's a great initiative to educate people about climate change in a fun way. https://t.co/TWxWnClbLk",0,1,2,
3619,Tue Aug 31 00:35:03 +0000 2021,"""Dangerous climate change is here..."" @MichaelEMann 

Unfortunately,  Australia government haven't learnt from devastating bushfires....
Plan? Blue hydrogen, gas-led recovery, #climatebrawl
""thoughts and prayers"".
Reality chk: we're on same planet? 
#ClimateEmergency https://t.co/sbkdBYBMRu",0,1,3,
2714,Sun Jun 06 13:47:15 +0000 2021,"Boris Johnson, your climate change scorecard is ready via @greenpeaceuk https://t.co/XBHA3ktOFr",0,0,0,
866,Thu Jan 28 04:13:14 +0000 2021,Biden‚Äôs New Executive Orders Take Aim At Climate¬†Change https://t.co/7OwBRkc1YK,0,0,0,
1298,Sun Jan 31 04:32:53 +0000 2021,"Climate change affects us all 

#THESHOWToday",0,0,0,
4364,Wed Sep 01 09:20:04 +0000 2021,"Thoughts and prayers ain't going to do shit when you know very well that your existence is the reason for the hurricanes in the 1st place. Instead of spending tons of money lying to the public and blocking any legitimate actions again climate change, you could just dismantle https://t.co/vbpWxYrsgA",0,0,1,
5823,Mon Nov 29 15:21:56 +0000 2021,Can New York Really Get to 100% Clean Energy by 2040? https://t.co/ntZpi0BdyJ,0,0,1,
5630,Mon Nov 29 15:46:55 +0000 2021,"Since our politicians are owned by the fossil fuel industry, insurance companies are our most effective tool to force action on climate change. Watch @hotmoneyfilm to learn more about how climate change affects insurance and financial markets.    https://t.co/1cqsc5pda9",0,8,16,
4074,Sun Aug 08 23:58:17 +0000 2021,"The persons who Recently purchased this castle on Martha's Vineyard certainly are NOT concerned with ""Global Warming, Oceans Rising""
#GlobalWarming https://t.co/ZCAfNHBO7L",0,0,0,
5285,Sun Oct 17 20:56:02 +0000 2021,"Malcolm Turnbull on Murdoch, lies and the climate crisis: ‚ÄòThe same forces that enabled Trump are at work in Australia‚Äô
https://t.co/Pv4gU42kzC",1,0,2,
555,Wed Feb 17 02:44:53 +0000 2021,"""...it is clear that global warming poses a barrage of additional threats to power systems nationwide, including fiercer heat waves and water shortages."" @nytclimate
@nytimes

A Glimpse of America‚Äôs #Future: Climate Change Means Trouble for Power Grids https://t.co/mfp8bPvePF",0,0,0,
2502,Sun Jun 06 13:37:32 +0000 2021,Fed chair Powell warns of 'profound challenges' posed by climate change - CNN International https://t.co/OlkQdrkr6t,0,0,0,
3217,Tue Jul 13 22:56:10 +0000 2021,"The creation of @Blklivesmatter marked the start to our activism. From #Charlottesville to #GeorgeFloyd to supporting #Progressives to supporting intersectional causes like climate change / gun violence to showing our support on the job / at home, this is our #BLMAnniversary... https://t.co/femUg5Q2jj",0,1,1,
1345,Sun Jan 31 04:31:51 +0000 2021,BLACKPINK CLIMATE CHANGE MOVEMENT https://t.co/rhGolkzBku,0,4,20,
3270,Tue Jul 13 22:46:37 +0000 2021,Anything less than a very strong Green New Deal is minimizing the scale of the climate crisis &amp; doesn‚Äôt think it‚Äôs an existential crisis. #GreenNewDealNow,0,0,0,
3458,Tue Jul 13 22:19:16 +0000 2021,Pascal's wager but for climate change https://t.co/dJymbzzU4q,3,4,51,
2609,Sun Jun 06 13:13:07 +0000 2021,"How can climate alarmists explain away ancient megadroughts? They can‚Äôt: By John Eidson - As reported by Fox News, a 2015 study published in the journal Nature Climate Change compared 117 computer model projections during the 1990s with the amount of‚Ä¶ https://t.co/KT7YEzYucQ https://t.co/7Y0otYcZDC",0,1,0,
291,Tue Jan 19 01:25:59 +0000 2021,Constraining human contributions to observed warming since the pre-industrial period | Nature Climate Change https://t.co/fljB3asWcr,0,0,0,
4994,Sun Oct 17 21:32:17 +0000 2021,"#FossilFuels are killing us
However this melting is boosting #GlobalWarming https://t.co/UHxSxoon95 #ClimateCrisis #ClimateEmergency #ClimatePledge 
#ClimateChange Is Melting Russia‚Äôs Permafrost‚Äîand Challenging Its Oil Economy https://t.co/VeL0JUQxtH",0,0,0,
2487,Sun Jun 06 13:40:02 +0000 2021,New Study Blames Climate Change For 37% Of Global Heat Deaths - HuffPost https://t.co/P9lNkFhD6N,0,0,0,
181,Fri Jan 01 00:23:31 +0000 2021,"I look forward to death, I can't stand watching this shitshow every year, countries destroying themselves, pollution for the rich 1%, ignorance all around, ableism, climate change, stupid by a stupidly large percent of humanity, woe is planet Earth.",0,0,1,
1216,Sun Jan 31 04:48:10 +0000 2021,"We only have one home, And If it's daying, we die too. Video clips show the adverse implementation caused by climate change.
Courtesy E. T. Rouleau https://t.co/f59vC89nY0",1,0,2,
5436,Sat Nov 06 12:15:39 +0000 2021,BBC News is on full fake climate change.  What a dreadful disgrace ... https://t.co/vrG2iXGTrG,0,3,2,
5866,Mon Nov 29 15:16:54 +0000 2021,"Change is in our own hands. üí™ A mighty open-license illustration by Joana Mundana, a Portuguese artist. She is one of 50 talented Selected Artists, recognized by our #ArtistsForClimate jury. Use this work ‚Äì and more ‚Äì for climate change awareness: https://t.co/rA9h6PogrG https://t.co/YYnLNBrul2",1,0,6,
2249,Thu May 20 13:58:31 +0000 2021,"Nations Must Drop Fossil Fuels, Fast, World Energy Body Warns https://t.co/P1PDFirDBB",0,0,0,
2494,Sun Jun 06 13:38:08 +0000 2021,"Let's save our Environment through planting more trees and forests.
Our Environment Our responsibility and if it is challenged we are also to be challenged by climate change calamities.
#HappyEnvironmentDay https://t.co/H6lETkhERh",0,0,0,
584,Wed Feb 17 02:41:56 +0000 2021,"Pump cash into steel industry to boost climate change fight, Government urged https://t.co/925OWcOTQJ",0,1,0,
2260,Thu May 20 13:56:10 +0000 2021,Global Warming https://t.co/m6ZeG6XbUk,0,0,0,
5229,Sun Oct 17 21:02:50 +0000 2021,https://t.co/mt17hhKmlj to Combat Climate Change and Achieve Carbon Neutrality by 2025 - Egnarohttps://egnaro.info/loreal-to-combat-climate-change-and-achieve-in-2025/link,0,0,0,
4483,Mon Sep 27 10:46:51 +0000 2021,Climate change. Act now. https://t.co/i5ubZrD1LS,0,0,0,
4845,Wed Oct 20 21:15:06 +0000 2021,"Global Capital is generally rotating out of fossil fuels and into renewables. Inflowing money will help the supply side grow, achieving economies of scale, which fosters the demand side.
This is a very good development in general! But, ... (1/3)
https://t.co/hcND4XYa2b",1,1,0,
2184,Thu May 20 14:03:26 +0000 2021,"Climate change is the cause of that. This mean the the iceberg is felting which can lead to local sea level to rise, with this we may experience strong wave action, and coastal flooding and this can cause coastal erosion. Mangroves are important. 
@AndrewHolnessJM https://t.co/gNWAGy4i55",0,0,0,
3079,Tue Jul 13 22:30:32 +0000 2021,The West catches fire while the East goes under water as climate change fuels both extremes https://t.co/2roRNyxGzP,0,3,3,
2141,Thu May 20 14:07:51 +0000 2021,"So if the CDC says Climate change is a threat to the health of Americans and orders reduced activity they can!? 
 @BuzzPatterson @AjaforCongress @TamikaGHamilton @ErrolWebber @joeecollins3 
Is this the kind of thing you want !? 
Where Bureaucrats can circumvent legislatures. https://t.co/zHM9JfcH4g",0,0,1,
1188,Sun Jan 31 05:01:18 +0000 2021,"Watch ""Gina McCarthy Talks About the Intersectionality of Climate Change"" on YouTube https://t.co/SOlfXPLafX",0,0,0,
714,Wed Feb 17 02:34:12 +0000 2021,"#billgates new book on reducing world‚Äôs greenhouse gas emissions
#climatechange #greenhousegasemissions https://t.co/9TebAtznok",0,0,1,
362,Fri Jan 15 02:27:28 +0000 2021,Climate change denial is so 1990.  The only debate now is how bad is it going to change #FiretheUCP #ResignKenney https://t.co/NV7uhIw2q6,0,0,0,
1601,Mon Feb 22 05:27:01 +0000 2021,"To reverse human-caused climate change, we must remove what we‚Äôve already emitted. Learn at @SAPInsights how tech can help us escape our climate emergency. üå≥üöë https://t.co/N4kqa5hbrT",0,0,1,
4411,Mon Sep 27 10:56:54 +0000 2021,"#GlobalWarming is boosting our problem https://t.co/b7BwZMYEPT
#ClimateCrisis: world is at its hottest for at least 12,000 years ‚Äì study https://t.co/FqnJVNetJe",0,0,0,
4825,Wed Oct 20 21:17:47 +0000 2021,"Despite climate change promises, governments plan to ramp up fossil fuel production - NPR https://t.co/veMk5U0w3t",0,0,0,
6198,Sat Dec 25 20:56:00 +0000 2021,It‚Äôs global warming https://t.co/Q7YuoNJPGs,0,0,0,
4521,Mon Sep 27 10:41:07 +0000 2021,did you know that global warming not worth it,0,0,0,
2340,Thu May 20 13:44:27 +0000 2021,A growing rightwing narrative on the climate crisis is blaming migrants and overpopulation for environmental harm  https://t.co/sCuImpwqtV,1,8,8,
5813,Mon Nov 29 15:23:55 +0000 2021,"Greetings green thumbs! Your number one harmful company Target was fined $27,500 due to using generators producing TONS of air emissions‚ò¢Ô∏è! Who knew that  climate change is a real thing!  Find out what else is swept underneath the rug!",0,0,0,
2688,Sun Jun 06 13:52:47 +0000 2021,"Would love it if the governments of the world would stop ignoring climate change and do some major interventions, thanks https://t.co/1p2ZZ5SLyN",0,0,5,
4791,Wed Oct 20 21:22:03 +0000 2021,Multinational oil and gas giant Total accused of playing down threat of global warming since late 1980s ‚Äì report https://t.co/gRMRtXRQin #,0,0,0,
6397,Sat Dec 25 20:09:28 +0000 2021,"All these white Christmas references in movies and songs sure twist the climate change knife, don‚Äôt they. Here in New Hampshire, it‚Äôs raining.",1,1,2,
4293,Wed Sep 01 09:28:37 +0000 2021,Global warming: Hold my beer https://t.co/ofTY9opgcs,1,1,5,
957,Thu Jan 28 04:00:55 +0000 2021,"John Kerry's family still owns private jet as he leads climate fight, FAA records indicate https://t.co/3iA9CNzJtA #FoxNews",0,0,0,
5379,Sat Nov 06 12:19:17 +0000 2021,"Climate Change Threatens Wine, and a Way of Life, in Jura

""Four revered French winemakers ended their lives this year. One of them, Pascal Clairet of Domaine de la Tournelle, was an iconic figure of organic viticulture in Arbois,...""
 https://t.co/CqrsRvHYMj",0,0,0,
5169,Sun Oct 17 21:09:06 +0000 2021,How the Amazon rainforest is faring under climate change https://t.co/wMrz7aBreu,0,0,0,
3089,Tue Jul 13 22:29:03 +0000 2021,Reps Pass Climate Change Bill Into Law https://t.co/NoAz7ALMP5,0,0,1,
1669,Fri Mar 26 06:30:12 +0000 2021,Talking about malaria risk zones and climate change in South¬†Africa https://t.co/SFqxK5Clp1,0,0,0,
6398,Sat Dec 25 20:09:22 +0000 2021,Better start believing in global warming frfr https://t.co/R3FozGA7TI,0,0,0,
2440,Sun Jun 06 13:51:49 +0000 2021,An enormous missing contribution to global warming may have been right under our feet https://t.co/TYmZ6tigVr,0,0,2,
4639,Mon Sep 27 10:23:33 +0000 2021,"Senior officials admit that world leaders won't agree to cut greenhouse gas emissions to the level needed to prevent a climate debacle but will instead unveil a new blueprint to reduce emissions.
THIS IS A FRAUD
#ClimateEmergency
https://t.co/L334xHlA5p",0,0,0,
3456,Tue Jul 13 22:19:24 +0000 2021,The West is on fire while the East is under water. Climate change is a culprit. - NBC News https://t.co/u9nyl5kADE,0,0,0,
5023,Sun Oct 17 21:28:31 +0000 2021,"So now we know why @Sen_JoeManchin has refused to support the Build Back Better legislation and fighting climate change. He's bought! His vote has been bought. Shameful. Corrupt. 

@SenSchumer @SpeakerPelosi @POTUS https://t.co/IBYgz5y7Ns",0,0,1,
722,Wed Feb 17 02:33:57 +0000 2021,cLiMaTe cHAnGe iS fAkE https://t.co/4lgIkBWKTh,0,0,1,
2315,Thu May 20 13:48:42 +0000 2021,"Interesting discussion at recent Natural Environment Scrutiny Panel meeting surrounding @SwanseaCouncil ‚Äôs #climate Change Action Plan Click below to view a recording of this meeting! 
https://t.co/aoCuPhjwO0

#ClimateAction #HereForSwansea https://t.co/XbwcSYliHd",0,1,0,
2735,Sun Jun 06 13:40:56 +0000 2021,"""We, the present generation,
have the responsibility to act
as a trustee of the rich natural
wealth for future generations.
the issue is not merely about climate
change; it is about climate justice
Happy World Environment Day 2021.‚Äù https://t.co/pELSdjKKli",0,0,1,
6129,Mon Dec 06 19:21:36 +0000 2021,"Earth is getting a black box to record our climate change actions, and it's already started listening
https://t.co/SvrqMwnegZ",0,1,0,
5500,Sat Nov 06 12:11:08 +0000 2021,Crowd building at garden of remembrance for climate change march #wecanalldosomething https://t.co/DXIhoZu19N,0,1,6,
6216,Sat Dec 25 20:51:22 +0000 2021,"The fact that Drake Aubrey Graham didn't follow up singy-""Girls love Beyonc√®"" with rap-""Boys love Jay-Z"" is the cause of global warming. Idc idc.",0,0,0,
4062,Mon Aug 09 00:00:04 +0000 2021,"ICYMI: Since 1960 about 21 percent of global agriculture production, including livestock, tree farming, and traditional crops such as corn and soybeans, has been negatively impacted by #climate change, according to a recent study.  https://t.co/3eRpFSbH8D",0,0,2,
1921,Wed Apr 07 07:31:04 +0000 2021,"Yes, I've heard of global warming or warning or whatever, but let's be real, if you take away my plastic straws, what am I gonna drink my frappuccino with??",0,0,0,
5854,Mon Nov 29 15:17:44 +0000 2021,TransUnion Pledges to Reach Net-Zero Scope 1 and 2 Greenhouse Gas Emissions by¬†2025 https://t.co/dwuDMgooDY,0,0,0,
1980,Wed Apr 07 07:21:08 +0000 2021,Drought and crop failure in the Central American dry corridor and climate change in Honduras has been a factor in the formation of the caravans. https://t.co/iAlSaOhMhV,0,0,0,
4790,Wed Oct 20 21:22:17 +0000 2021,Air Company‚Äôs Sleek New Fragrance Is Helping Tackle Climate Change  https://t.co/USBpJ0xnep,0,0,0,
4168,Wed Sep 01 09:48:00 +0000 2021,"We waste 920,000 bananas üçå at home in the UK every single day - that IS bananas! Growing them and getting them to your fruit bowl uses up precious water and land, generating 47,000 tonnes of greenhouse gases üåç. 

Protect the planet and use up your bananas! #StopWastingFood https://t.co/o9MyR2YTDf",1,4,6,
2757,Sun Jun 06 13:36:42 +0000 2021,"Yeah, no, climate change is not a thing. Right. https://t.co/4Z4OYeBHHK",0,0,0,
4705,Wed Oct 20 21:31:43 +0000 2021,"One small way to fight climate change with a great bang for your buck is a global ban on this stuff, which is literally a can of one of the most potent greenhouse gases that you spray into the air on purpose https://t.co/FMBUZ3zfyr",0,0,0,
550,Fri Jan 15 01:30:34 +0000 2021,And Pols on both sides are going along with starving people with the goal of reopening the economy over saving lives...ignoring global warming and the millions now buried in insurmountable debt. https://t.co/J7QqMjB56k,0,0,0,
683,Wed Feb 17 02:35:37 +0000 2021,Global warming is a joke,0,0,0,
3732,Tue Aug 31 00:20:01 +0000 2021,‚ÄúClimate Change‚Äù Activists Want Billions to Fund Killing More Babies in Abortions https://t.co/0dJdzJ2yTw,8,57,65,
3386,Tue Jul 13 22:29:16 +0000 2021,"In the process of answering a question about what the US will do about climate change, Dr Kurt Campbell says China ""talks a big game"" regarding climate change, but it is a major contributor to carbon emissions, and needs to take action ""urgently, now"" #nziia2021",1,2,4,
4389,Mon Sep 27 10:59:54 +0000 2021,This Thursday @Natwest and @MEN are hosting a live Q&amp;A session to discuss climate change matters. 1/3,1,0,0,
1495,Mon Feb 22 05:56:50 +0000 2021,"#KochNetwork has been waging a right wing media war on ALL public infrastructure projects that recognise Climate Change. 
They fight public transit initiatives, high speed railways, public municipal broadband, windmills &amp; solar. Keeping the public hooked on long commutes in cars. https://t.co/EJyMXCl5ao",0,0,0,
4470,Mon Sep 27 10:48:12 +0000 2021,"We need a Diet Change, not Climate Change. Let's put pressure on the world leaders at this year's climate conference #COP26 to commit to meat reduction to address the climate crisis. Sign the @FourPawsUK petition today. #LiveKinder 
 https://t.co/Q5BegnES8R",0,0,1,
2877,Sun Jun 06 13:07:16 +0000 2021,100 richest UK families urged to commit ¬£1bn to tackle climate crisis https://t.co/Ms7YosLbE7,0,0,0,
2944,Tue Jul 13 22:51:01 +0000 2021,"Unhealthy impacts of climate change are emerging and so are the disparities in how it affects different groups. More from @ReneeNSalas_MD, @RhituC and @rebeccalramirez  https://t.co/vKfxwGmSES",0,1,5,
2204,Thu May 20 14:01:30 +0000 2021,"A great meeting on 12-05-2021 having some discussion about climate change Bill in Nigeria... Vanue; New wing House of representatives National Assembly Nigeria, Abuja https://t.co/yiMsTtSAKw",0,0,0,
4103,Wed Sep 01 09:58:01 +0000 2021,"Did not really exist in a widespread way in India until Modi years:

- Anti-vaxxism
- Climate change denial
- Random reverence for police
- Paranoia about Diwali/Holi being ""under attack""
- Mainstream opposition to inter-faith marriages

All ideas sanghis plagiarized from US RW",6,26,140,
2462,Sun Jun 06 13:47:15 +0000 2021,"Boris Johnson, your climate change scorecard is ready via @greenpeaceuk https://t.co/XBHA3ktOFr",0,0,0,
1489,Mon Feb 22 05:59:04 +0000 2021,"Texas and California built different power grids, but neither stood up to climate change - POLITICO https://t.co/N4iWrpU97Q",0,0,0,
5549,Sat Nov 06 12:07:28 +0000 2021,"#QUESTION = Will People Finally #WAKEUP to the position that ""MODELLING"" of Climate Change is Nothing but a Global Scam to Force Socialism ??

Carbon capture and storage: does it work, and does it mean we can keep burning fossil fuels? https://t.co/z5MH3GeWJP via @ABCaustralia",0,0,0,
4850,Wed Oct 20 21:14:59 +0000 2021,Someone ask Scott the PM &amp; Blackmailing Beetroot Joyce why they don't step down now as 'leaders' when Aus is running dead last on #climateaction?  If this was prep 4 the Olympics we'd sack the entire AOC on this performance! #auspol  https://t.co/D4b5vfD9uN,0,2,1,
234,Tue Jan 19 01:50:10 +0000 2021,"I¬¥m so honored that application for ambassadorship in @IslandsInnovate  üå¥ has been accepted successfully. I¬¥m so glad to  have been selected as part of that amazing group!  
To exchange knowledge and meet people from all over the üåè to find solutions to the climate crisis. https://t.co/ZHo98z2Snu",3,4,20,
1263,Sun Jan 31 04:34:34 +0000 2021,They just showed their video advocating for help on Climate Changeüò≠ #ClimateActionInYourArea #THESHOWToday @BLACKPINK https://t.co/KtX3kXPfrV,0,0,0,
1377,Sun Jan 31 04:27:01 +0000 2021,"Bill McKibben called Wednesday, January 27, ‚Äúthe most remarkable day in the history of America‚Äôs official response to the climate crisis‚Ä¶. 
https://t.co/w7cmeKIuf9 https://t.co/4aKjN28fIq",0,0,0,
3008,Tue Jul 13 22:40:32 +0000 2021,"The New York Times: What Role Does Climate Change Play in the West's Heat and Fires?.
https://t.co/V6bEtNFc9q",0,0,0,
877,Thu Jan 28 04:11:48 +0000 2021,Fuck global warming. I miss getting snowed in,0,0,1,
6109,Mon Dec 06 19:23:40 +0000 2021,"someone in my anthropology class tried to argue that climate change isn't something we should be worried about and cited prageru as one of her sources, we're all gonna die aren't we? https://t.co/QlmUNxjuaU",1,0,13,
1474,Mon Feb 22 06:01:46 +0000 2021,"Stephen Moore: Biden‚Äòs ‚ÄòClimate Change‚Äò Policies Erase U.S. Energy Independence, Lock Down Trillions in Natural Resources https://t.co/2zaDevJ9dL via @BreitbartNews",0,0,0,
2384,Sun Jun 06 14:04:03 +0000 2021,#Retirement #retirement This Is Why Climate Change Should Be Part Of Your Retirement Plan https://t.co/v7Z9f7ITlI,0,0,0,
5359,Sat Nov 06 12:20:42 +0000 2021,"Morrison's Glasgow trip raises troubling questions about climate change, national security and how the government should be judged https://t.co/KJ8K7jDAhQ 
Not really. Most Australians are confident that Scott Morrison is acting in their interests. The chatter about subs is over",2,0,0,
1771,Fri Mar 26 05:49:07 +0000 2021,Power Plan is vital to the volunteers who are ready to step upAdd your name to support strong action on climate change.,0,0,0,
3471,Tue Jul 13 22:16:50 +0000 2021,guys stop climate change before we're all forced to wear short sleeves forever,0,0,4,
3560,Tue Aug 31 00:43:11 +0000 2021,"Same reason other things don't trend?! Thousands of homes lost, thousands of people displaced, thousands of acres have been burned/flooded because of climate change. That's another reason New Orleans is suffering as much as it does EVERY SINGLE STORM, it gets worst every year! https://t.co/9K0pl8ECqD",0,0,0,
3684,Tue Aug 31 00:27:48 +0000 2021,"If you‚Äôre in education, you work on incarceration 
If you‚Äôre in climate change, you work on incarceration 
If you‚Äôre in housing, you work on incarceration 
If you‚Äôre in reproductive rights, you work on incarceration 
If you work in domestic violence, you work on incarceration",1,1,7,
2046,Wed Apr 07 07:09:40 +0000 2021,#Zimbabwe hz set a target to achieve a green economy by 2030 while climate change issues hv bn mainstreamed in all sectors of the economy.This was said by @edmnangagwa while addressing a leaders dialogue held virtually on the impact of #COVID19 on climate change mitigation report https://t.co/6fcGDL5X0E,0,3,5,
5929,Mon Dec 06 19:48:43 +0000 2021,"Coronavirus has destroyed the global warming theory since the Paris climate agreement was not applied;given that they have agreed upon reducing 50% of factories exhausts..
Imam Nasser Mohammed Al-Yamani
124
#They_Say_A_Shelter_Is_Needed
 Omicron
SlRS!F",0,13,0,
2921,Tue Jul 13 22:55:24 +0000 2021,Yes Florida. As ocean waters rise exactly what you need is a bunch of climate change deniers in office. Nice work. #TheBeat,0,0,0,
3568,Tue Aug 31 00:42:12 +0000 2021,Love having to close national forests during a pandemic because climate change is rendering the planet unlivable. https://t.co/puFhI1gUOL,2,0,0,
2023,Wed Apr 07 07:12:40 +0000 2021,"Take a look at the Starter Kit my team and I've built. Join the #CallforCode Global Challenge. I'm doing my bit towards #sustainability, are you? #UnitedNations SDG12

https://t.co/lQ2K2N0gLT https://t.co/K8RyuiUwkJ",0,0,0,
2059,Wed Apr 07 07:06:43 +0000 2021,That's why it was rebranded to Climate Change. https://t.co/mlVxp3W9np,0,0,2,
3315,Tue Jul 13 22:40:03 +0000 2021,"Some of Earth‚Äôs largest rivers are in the sky and can produce powerful storms.
Atmospheric rivers are long, narrow bands of moisture in the atmosphere extending from the tropics to higher latitudes. They can cause rain, snowfall and extreme flooding. https://t.co/yT63PMVexX https://t.co/wlhvJCPoAI",0,2,6,
1195,Sun Jan 31 04:58:14 +0000 2021,Two-thirds of the world‚Äôs population think climate change is an emergency https://t.co/TIzCSdvEb2,0,0,1,
1580,Mon Feb 22 05:31:37 +0000 2021,"The best mainstream authors, the ones who sell 200 to 300 million books like Michael Crichton and James Patterson have done, do smart, extensive research for their books. 

By 2004 Michael Crichton became an expert on climate change. 

State of Fear was a #1 national  bestseller. https://t.co/HFuA54eHOj",0,0,0,
785,Wed Feb 17 02:30:08 +0000 2021,"Ken Moelis on SPACs, Leverage, Climate Change Balance https://t.co/fBiZFCTvBB",0,0,0,
3286,Tue Jul 13 22:43:22 +0000 2021,"‚ÄúThe 30s are going to be the decade of global warming (aka ‚Äòclimate change‚Äô) turning catastrophic. Megafire, megaflood, megatyphoon, ‚Äòheat domes‚Äô ‚Äî all these will replace the gentle seasons as we once thought of them. ‚Äù‚Ää‚Äî‚Ää@umairh https://t.co/uNWd27U2sT",1,0,2,
5705,Mon Nov 29 15:36:50 +0000 2021,"Real life examples of why gender equality is imperative in planning climate change adaptation, and how to incorporate a gender-approach into planning. Brilliant work from colleagues! üëè @Jlinkletter @rikovermars https://t.co/Z9AEbeTvnU",0,4,4,
1963,Wed Apr 07 07:24:39 +0000 2021,"Disgusting SICK brain washing of vulnerable children. There is NO natural climate crisis! Don't blame: ""Climate Change"", blame the Climate Changers - üëáüëá
https://t.co/VVgzQdb9T2",0,0,0,
2189,Thu May 20 14:02:58 +0000 2021,"The Business of Climate Change with Vivek Pathak, IFC Director, Global Head Climate‚úçÔ∏è https://t.co/HUp43Sto9c",0,1,1,
5927,Mon Dec 06 19:48:49 +0000 2021,"MG's @rrsassor is featured in @Cambridge_Uni alumni magazine for his leadership in climate change. Rob is passionate about connecting on values, shifting narratives and making lasting change for populations, around the world affected by climate change.üíöhttps://t.co/G2yRgi096g https://t.co/PPAhQBwCSS",0,0,1,
157,Fri Jan 01 00:31:33 +0000 2021,the irony of david attenborough talking about climate change over fireworks. lord,0,0,3,
4788,Wed Oct 20 21:22:27 +0000 2021,"AMAZING: Michigan Water Protectors are protesting #Line5 in Michigan and TURNED OFF the oil pipeline in protest.

""I know my life is in danger from the risk of a spill and from the contributions to climate change.""

#StopLine5 #StopLine3 #GreenNewDeal

https://t.co/F8ElX8unyv",0,5,11,
1135,Thu Jan 28 03:34:37 +0000 2021,"MyRepublica: Biden takes sweeping measures to curb climate change, vows job creation - https://t.co/jzwmkIeXF9",0,0,0,
5985,Mon Dec 06 19:40:45 +0000 2021,Indigenous activists on tackling the climate crisis: 'We have done more than any government' ‚Äì video https://t.co/X6xWmZTqWL,0,0,0,
677,Wed Feb 17 02:36:03 +0000 2021,"One impact of climate change is that the number and severity of climate-related disasters is on the rise. With the warming of the planet, several factors combine to make extreme weather more common. https://t.co/2YWIG1BoY6",0,0,0,
1008,Thu Jan 28 03:53:43 +0000 2021,"Climate change is real. But, It's not man made. The Climate has been changing for Billions of year's. It's that simple. This man made shit is false. Period.",1,1,6,
4043,Mon Aug 09 00:03:30 +0000 2021,New UN report to set out stark reality of the climate crisis l Janaseva¬†News https://t.co/wDZDlLgtph,0,0,0,
5721,Mon Nov 29 15:34:57 +0000 2021,An upcoming thesis defense that might be interesting for those working on (electric) mobility and climate change. Kevin is a brilliant researcher and the four papers he prepared (with our help) are quite impressive https://t.co/00WaYbHBlG https://t.co/CNwXGF7qyP,1,3,9,
3051,Tue Jul 13 22:34:50 +0000 2021,"A reminder that #ClimateAction includes advocating for climate adaptations. The truth of the matter is that the #ClimateCrisis is here, and we need to protect those who are most at risk of its devastating effects while we simultaneously target its causes. 
https://t.co/bLl1D5k2QI",0,1,2,
2763,Sun Jun 06 13:35:19 +0000 2021,"How to get ready to understand and adapt climate change? GEOLOGY, GEOLOGY, GEOLOGY
https://t.co/BLvjoMM9jF

Thanks @seis_matters for taking the time to prepare such entertaining Xmas lecture. üåçüèîÔ∏èüåãüåÖ",1,3,20,
3880,Mon Aug 09 00:37:56 +0000 2021,I once dated a woman who thought she could solve global warming by throwing dry ice in volcanoes. I have no standards.,0,0,1,
554,Wed Feb 17 02:44:57 +0000 2021,"IT IS CALLED CLIMATE CHANGE SOMETHING THAT YOU AND YOUR OWNER TRUMP DID WITH DRILLING TO MAKE MONEY FOR YOUR SELFISH HABITS AND LIFESTYLE.

""There's already methane emissions like you wouldn't believe in West Texas,"" Collins said.‚Äùhttps://t.co/p2USTYl97S https://t.co/2wO0vYHAYV",0,0,0,
5388,Sat Nov 06 12:18:45 +0000 2021,"Central heating was broken, so I asked the kids how to fix it, if the kids know how to fix climate change this would be easy I thought. They hadn't a clue obviously, they had plenty of opinions of course but after 2 nights sitting in the cold opinions are wearing thin!",0,0,0,
4068,Sun Aug 08 23:59:11 +0000 2021,Denver hit with worst air quality in the world as western wildfires continue to blaze https://t.co/P3aPnolJp9,0,0,1,
5313,Sat Nov 06 12:23:24 +0000 2021,Climate change is here ü•≤ü•≤ https://t.co/p3uxiTgNgH,0,0,1,
5194,Sun Oct 17 21:06:37 +0000 2021,Joe Manchin an Kyrsten Sinema are planning on taking out all the climate change provisions for reconciliation this is only for greed bought and paid for we need to stop them and make them vote for climate change and voting rights everyone harassing https://t.co/kIPctrygll,0,0,1,
4829,Wed Oct 20 21:17:31 +0000 2021,"Pete Buttigieg Is Wrong: Regulations to Stop Global Warming Kill People - The climate regulations the Biden administration demands will kill people.
https://t.co/MChoK6SW0w",0,0,0,
5642,Mon Nov 29 15:45:37 +0000 2021,"Climate change is real and very serious, think of the Warrant Officers! https://t.co/JmeZCa3n8m",1,2,10,
5737,Mon Nov 29 15:32:51 +0000 2021,Read this in-depth feature by @russianabout on what lies ahead for planet Earth. https://t.co/Iuibftb2K9 via @myfairobserver #climatechange,0,2,1,
2338,Thu May 20 13:44:45 +0000 2021,I‚Äôve got my heating on. climate change is real ü•∂ü•∂ https://t.co/sW2BzGu8tu,0,1,1,
715,Wed Feb 17 02:34:07 +0000 2021,"One impact of climate change is that the number and severity of climate-related disasters is on the rise. With the warming of the planet, several factors combine to make extreme weather more common. https://t.co/oGDdsC7vwx",0,0,0,
3764,Tue Aug 31 00:14:54 +0000 2021,QUIT üëè MAKING üëè DRIVING üëè THE üëè EASY üëè CHOICE! https://t.co/QV4GHBoKhK,0,2,12,
6063,Mon Dec 06 19:30:03 +0000 2021,"NPR: Storms, Hurricanes, and Climate Change : Short Wave.
https://t.co/hcsRwsWzjP",0,0,1,
593,Wed Feb 17 02:41:41 +0000 2021,I'm seen this both on Twitter and Facebook from conservative friends who are disingenuously campaigning against those who would like to see global warming and climate change fought with green energy. https://t.co/PbLcWhUye0,0,0,0,
2702,Sun Jun 06 13:50:04 +0000 2021,"The human species is so arrogant. We really think that we can stop #globalwarmingcoolingclimatechange 

Biology: Global warming, melting permafrost a vicious cycle that's getting worse https://t.co/F4wH1tfpX8 via @DispatchAlerts",0,0,1,
124,Fri Jan 01 00:44:38 +0000 2021,"Climate Change: Often-Loved Sometimes Aggresive, and Now on Amazon's Radar.",0,0,0,
1794,Wed Apr 07 07:56:11 +0000 2021,"""Combatting Climate Change in the Pacific. The Role of Regional Organizations"" by Marc Williams &amp; @DuncanMcDuieRa.

In her review, @sarinatheys says it gives a detailed account of the governance and shaping of regional &amp; global #climate politics. 

https://t.co/k3vxSGO9i0 https://t.co/7aFtqR6yu5",0,4,6,
2903,Tue Jul 13 22:57:57 +0000 2021,"A ""wobble"" in the moon's orbit may lead to record floods on Earth #SmartNews  https://t.co/RjFDkcRMRU",0,0,0,
571,Wed Feb 17 02:43:24 +0000 2021,Nice for bird watchers but no doubt some impacts of climate change.. Increased snowy owl sightings in Ottawa likely up this year because of tundra environment crash https://t.co/3P4vFFKxJc via @citynewsottawa,0,3,5,
5603,Mon Nov 29 15:51:02 +0000 2021,"Inspiring stuff from Labour. What is the messaging strategy, to just speak to the CBI? Voters are people, people living in a pandemic and climate crisis filled with uncertainty and this is it?!?! Embarrasing and irrelevant. https://t.co/TYA3Q7nOHn",0,0,0,
3785,Tue Aug 31 00:11:11 +0000 2021,This breaks my heart.. the climate crisis is absolutely terrifying‚Ä¶ https://t.co/goOiym5ncc,0,3,11,
3136,Tue Jul 13 22:22:21 +0000 2021,I‚Äôm cool but global warming made me hot.,0,0,0,
1753,Fri Mar 26 05:56:09 +0000 2021,"We‚Äôre All Learning to Love Jellyfish Now, Thanks to Climate Change https://t.co/WhRnKy1Dy0 via @Eater -- üòê",0,0,0,
4163,Wed Sep 01 09:48:54 +0000 2021,"The Intergovernmental Panel on Climate Change does not conduct original research, rather it goes trough the relevant published literature and creates detailed reports to help everybody understand.

Follow them here on Twitter to stay informed üëáüèª https://t.co/QnSZk2zWoZ",0,0,0,
3258,Tue Jul 13 22:48:22 +0000 2021,cannot be allowed in a room where climate change is being discussed i become too volatile,2,0,2,
4952,Wed Oct 20 21:05:52 +0000 2021,Climate change hurts everyone. No matter where you live. Especially the most vulnerable people. https://t.co/JMwLYQiRFw,0,0,0,
1828,Wed Apr 07 07:50:44 +0000 2021,"The failures of the vaccine order and rollout are a brutality hoisted on the Australian people - just like the bastardry of Robodebt, the constraint of wages growth, the failures in supporting those impacted by extreme weather / climate change. The LNP are bastards #auspol https://t.co/f8BkTqgE1z",0,1,0,
4122,Wed Sep 01 09:55:26 +0000 2021,"Financial repression 101. 

Let the financial elites' wealth managers buy up all the hard assets with free money before inflating away that debt with negative real interest rates.

Next up: Credit and capital controls disguised as patriotism (i.e ESG &amp; The Climate Crisis). https://t.co/DAO0mXhOsx",1,0,1,
5295,Sat Nov 06 12:24:21 +0000 2021,Ithaca votes to decarbonize its buildings by 2030 to combat climate change:¬†NPR https://t.co/WpspfkUuel,0,0,0,
55,Fri Jan 01 01:02:35 +0000 2021,10 steamy signs in 2020 that climate change is speeding up https://t.co/RQkXygmKCY,0,0,0,
4115,Wed Sep 01 09:56:24 +0000 2021,"To stop the climate crisis we need

‚úÖ To cut emissions 45%+ below ‚Äò10 levels by ‚Äò30
‚úÖ $100B/yr to help developing countries‚Äô mitigation &amp; adaptation 

@g20 countries @EUCouncil @sussanley  @SitiNurbayaLHK @Michael_S_Regan and @ClimateEnvoy will you be our climate champions",0,0,0,
2176,Thu May 20 14:04:37 +0000 2021,"Later in the article: ""Schnell was also the co-recipient of the 2007 Nobel Peace Prize for his work on climate change."" Thank you for ALL your good work, Mr. Schnell! https://t.co/KBX2RPQoDT  #boulder #amreading",0,0,0,
6,Fri Jan 01 01:16:20 +0000 2021,I actually believe that if we had tree waifus weebs would actually do something to stop global warming.,0,0,0,
6116,Mon Dec 06 19:23:09 +0000 2021,"as it will force us to stop our factories and wheel of carbonic life for many months,then,it raises the intensity of the unprecedented climate war to destroy the global warming theory?
Imam Nasser Mohammed Al-Yamani
14-10-2021
#They_Say_A_Shelter_Is_Needed
evqZ=q",0,20,17,
4675,Mon Sep 27 10:16:16 +0000 2021,"It‚Äôs no coincidence that the popularity of zero-waste lifestyles happens to coincide with mounting evidence that climate change will be the defining event of this country and the whole world.Systematically let's implement zero waste laws, practice and sustain. #SCEFforZeroWaste https://t.co/HnJHhHIadR",0,1,2,
4152,Wed Sep 01 09:50:37 +0000 2021,"My worries, Sept. 1st 2021:
1. War
2. Climate Change
3. That the new ABBA songs will be shit",4,2,10,
2027,Wed Apr 07 07:12:03 +0000 2021,Bank boards have conflicts of interest over climate ‚Äì and it shows in the fossil fuels they back - https://t.co/oqdialsOfm,0,0,0,
130,Fri Jan 01 00:40:43 +0000 2021,"Here is the school ID
@KamalaHarris @PreetBharara 
@mindykaling 
He is gentle and affable unlike Greta.
His solution to global warming is very simple and easy to implement.
Thanks https://t.co/bRiI3v8cEC",0,0,0,
1426,Mon Feb 22 06:17:11 +0000 2021,"Climate change is real, but not man made  it change all the time.  Check your history and geology",1,1,2,
5745,Mon Nov 29 15:32:27 +0000 2021,"""Usually, on a summer day, you can see the other side of Lake Tahoe clearly. But for much of this summer, you couldn't see more than a few miles in front of you due to smoke from wildfires."" https://t.co/ibdhPaMm6b",0,0,0,
1153,Thu Jan 28 03:32:54 +0000 2021,Kerry and his family fly in their private jet while promoting climate change...hypocrisy at its finest.,0,0,0,
6412,Sat Dec 25 20:04:06 +0000 2021,"now they‚Äôre talking about ‚Äúthe biblical end times‚Äù‚Ä¶ girlies the end times is climate change, not someone asking  you to wear a mask and get vaccinated",0,0,4,
729,Wed Feb 17 02:33:28 +0000 2021,Hows that green new deal and climate change working for you uncle joe that put thousands put of work with an exec order you ahole @POTUS https://t.co/rggouGmVnG,0,0,0,
791,Wed Feb 17 02:29:32 +0000 2021,"Q:Cows contribute more to climate change in a year than cars do in the same amount of time.
A. True Cows produce methane, while cars produce carbon dioxide. Methane is a much more powerful and damaging greenhouse gas than co2, although it stays in the atmos for less time",0,0,0,
3392,Tue Jul 13 22:28:40 +0000 2021,"CO2-induced permadrought update from climate cultist @EmmaVigeland, who said ""This horrific pandemic is child‚Äôs play compared to the eventual widespread impact of climate change, our world‚Äôs greatest threat"": 

""So is it going to rain every fucking weekend this summer, or...? https://t.co/qaG1zrK186",3,7,22,
3601,Tue Aug 31 00:37:29 +0000 2021,If you think lockdowns will stop with covid. In the on deck circle is the climate crisis hoax,0,0,2,
4423,Mon Sep 27 10:54:34 +0000 2021,"Women in Tech, we've got some great news for you!

üî• F for Femme is coming back to Station F on Oct 6th. This year's exclusive event will focus on health, climate change, space and money.

üëâ Request an invite to join us IRL: https://t.co/i4ZUGUJIkE https://t.co/iYYEIZm8zo",0,1,6,
6403,Sat Dec 25 20:08:27 +0000 2021,Anyone else wonder how any of us have credibility discussing some critical topic of the moment while we collectively ignore climate change every minute of every day?,0,0,0,
775,Wed Feb 17 02:31:03 +0000 2021,"I believe that the real problem in this world is not climate change; the real problem is us because of our ignorance and apathy. What we have to do is to start changing our ways, to start recalibrating our minds, and redirecting our steps, https://t.co/oWVsawGceB",1,0,0,
3721,Tue Aug 31 00:21:31 +0000 2021,"I have zero tolerance for climate change denying, anti-vaxx conspiracy theoridiots. We are deep deep into multiple messes right now, and the density of those issues is compounded by their moronity.",1,4,27,
4336,Wed Sep 01 09:23:53 +0000 2021,"The UK is heavily involved in ensuring new technologies capable of reducing emissions &amp; impacting on global warming continue to develop. In our work as patent attorneys, we are seeing a number of initiatives producing high rates of innovation üëâ https://t.co/3fHwA5K33c https://t.co/iU4TU78TLB",0,0,1,
5687,Mon Nov 29 15:40:00 +0000 2021,"last night I dreamt vividly of much-higher-than-normal tides; this morning I read they‚Äôre really here, prompted by the sun, moon, and earth coming to their closest alignment. (though apparently they‚Äôre higher in other parts of the world than where I live.) https://t.co/howswwKekb",0,0,4,
1498,Mon Feb 22 05:55:48 +0000 2021,"Oh look! On the one hand, bitcoin mining isn‚Äôt affecting climate change as much as we feared. On the other hand, ALBERTA is the world‚Äôs third largest contributor of bitcoin carbon emissions. More than Russia.
¬†https://t.co/MIHb14kOf9",0,0,1,
4674,Mon Sep 27 10:16:43 +0000 2021,"""Climate Change Is Not A Joke""

Awsome visuals Wren. I always seek your explanations and irl size scales Ôºà*Ôºæ-Ôºæ*Ôºâ
https://t.co/fvYWCnXR0b https://t.co/KpiUBYUSS0",0,1,3,
